INSERT INTO CT_REGLA VALUES (1701,'stage17-ra1');
INSERT INTO CT_REGLA VALUES (1702,'stage17-ra2');
INSERT INTO CT_REGLA VALUES (1703,'stage17-ra3');

INSERT INTO CT_RULE_TEMPLATE (
 ID_RULE_TEMPLATE,TEMPLATE_KEY,TEMPLATE_VERSION,SHAPE,DRL_TEMPLATE,ACTIVE)
VALUES (
 1701,'stage17-replace',1,'REPLACE_REQUIRED_ACTIVITIES',
 TO_CLOB(q'~rule "{{ruleName}}"
when
{{when}}
then
{{then}}
end~'),'S');

INSERT INTO CT_RULE_TEMPLATE (
 ID_RULE_TEMPLATE,TEMPLATE_KEY,TEMPLATE_VERSION,SHAPE,DRL_TEMPLATE,ACTIVE)
VALUES (
 1702,'stage17-refinement',1,'DEACTIVATE_ALL_AND_ADD',
 TO_CLOB(q'~rule "{{ruleName}}"
when
{{when}}
then
{{then}}
end~'),'S');

INSERT INTO CT_RULE_SET (
 ID_RULE_SET,RULE_SET_NAME,RULE_SET_VERSION,STATUS,VALIDATED_AT,ACTIVATED_AT,VALIDATION_MESSAGE)
VALUES (
 1701,'ACTIVITY_RULES',17,'ACTIVE',
 TIMESTAMP '2026-07-19 12:00:00',TIMESTAMP '2026-07-19 12:00:01',
 'validated for Stage 17 endpoint verification');

INSERT INTO CT_RULE_STAGE (
 ID_RULE_STAGE,ID_RULE_SET,STAGE_CODE,STAGE_ORDER,UNIT_PACKAGE,UNIT_NAME,ACTIVE)
VALUES (
 1721,1701,'RA1',1,'org.acme.ruleunits.runtime.ra1','Ra1RuntimeUnit','S');
INSERT INTO CT_RULE_STAGE (
 ID_RULE_STAGE,ID_RULE_SET,STAGE_CODE,STAGE_ORDER,UNIT_PACKAGE,UNIT_NAME,ACTIVE)
VALUES (
 1722,1701,'RA2',2,'org.acme.ruleunits.runtime.ra2','Ra2RuntimeUnit','S');
INSERT INTO CT_RULE_STAGE (
 ID_RULE_STAGE,ID_RULE_SET,STAGE_CODE,STAGE_ORDER,UNIT_PACKAGE,UNIT_NAME,ACTIVE)
VALUES (
 1723,1701,'RA3',3,'org.acme.ruleunits.runtime.ra3','Ra3RuntimeUnit','S');

INSERT INTO CT_RULE_DEFINITION (
 ID_RULE_DEFINITION,ID_RULE_STAGE,ID_RULE_TEMPLATE,RULE_NAME,RULE_ORDER,
 WORK_ORDER_TYPE,JOB_TYPE,ACTIVE)
VALUES (
 1731,1721,1701,'stage17-ra1',1,'FINAL',NULL,'S');
INSERT INTO CT_RULE_DEFINITION (
 ID_RULE_DEFINITION,ID_RULE_STAGE,ID_RULE_TEMPLATE,RULE_NAME,RULE_ORDER,
 WORK_ORDER_TYPE,JOB_TYPE,ACTIVE)
VALUES (
 1732,1722,1702,'stage17-ra2',1,NULL,NULL,'S');
INSERT INTO CT_RULE_DEFINITION (
 ID_RULE_DEFINITION,ID_RULE_STAGE,ID_RULE_TEMPLATE,RULE_NAME,RULE_ORDER,
 WORK_ORDER_TYPE,JOB_TYPE,ACTIVE)
VALUES (
 1733,1723,1702,'stage17-ra3',1,NULL,NULL,'S');

INSERT INTO CT_RULE_CONDITION (
 ID_RULE_CONDITION,ID_RULE_DEFINITION,POSITION,CONDITION_TYPE,OPERATOR,
 CONDITION_VALUE,NUMERIC_VALUE)
VALUES (
 1741,1731,1,'REQUIRED_ACTIVITY','CONTAINS','6T8121',NULL);
INSERT INTO CT_RULE_CONDITION (
 ID_RULE_CONDITION,ID_RULE_DEFINITION,POSITION,CONDITION_TYPE,OPERATOR,
 CONDITION_VALUE,NUMERIC_VALUE)
VALUES (
 1742,1732,1,'JOB_TYPE','IN','KPVG961',NULL);
INSERT INTO CT_RULE_CONDITION (
 ID_RULE_CONDITION,ID_RULE_DEFINITION,POSITION,CONDITION_TYPE,OPERATOR,
 CONDITION_VALUE,NUMERIC_VALUE)
VALUES (
 1743,1733,1,'JOB_TYPE','IN','JM5G513',NULL);

INSERT INTO CT_RULE_ACTION (
 ID_RULE_ACTION,ID_RULE_DEFINITION,POSITION,ACTION_TYPE,
 OLD_ACTIVITY_CODE,NEW_ACTIVITY_CODE,CATEGORY)
VALUES (
 1751,1731,1,'REPLACE_ACTIVITY','6T8121','097079',NULL);
INSERT INTO CT_RULE_ACTION (
 ID_RULE_ACTION,ID_RULE_DEFINITION,POSITION,ACTION_TYPE,
 OLD_ACTIVITY_CODE,NEW_ACTIVITY_CODE,CATEGORY)
VALUES (
 1752,1732,1,'DEACTIVATE_ALL',NULL,NULL,NULL);
INSERT INTO CT_RULE_ACTION (
 ID_RULE_ACTION,ID_RULE_DEFINITION,POSITION,ACTION_TYPE,
 OLD_ACTIVITY_CODE,NEW_ACTIVITY_CODE,CATEGORY)
VALUES (
 1753,1732,2,'ADD_ACTIVITY',NULL,'FG2802',NULL);
INSERT INTO CT_RULE_ACTION (
 ID_RULE_ACTION,ID_RULE_DEFINITION,POSITION,ACTION_TYPE,
 OLD_ACTIVITY_CODE,NEW_ACTIVITY_CODE,CATEGORY)
VALUES (
 1754,1733,1,'DEACTIVATE_ALL',NULL,NULL,NULL);
INSERT INTO CT_RULE_ACTION (
 ID_RULE_ACTION,ID_RULE_DEFINITION,POSITION,ACTION_TYPE,
 OLD_ACTIVITY_CODE,NEW_ACTIVITY_CODE,CATEGORY)
VALUES (
 1755,1733,2,'ADD_ACTIVITY',NULL,'FG2802',NULL);
